{
    "loss": 0.5989659428596497,
    "accuracy": 0.826309084892273
}