{
    "loss": 0.4701874554157257,
    "accuracy": 0.8544061183929443
}